<?xml version="1.0" encoding="UTF-8"?>
<project-private xmlns="http://www.netbeans.org/ns/project-private/1">
    <editor-bookmarks xmlns="http://www.netbeans.org/ns/editor-bookmarks/2" lastBookmarkId="0"/>
    <open-files xmlns="http://www.netbeans.org/ns/projectui-open-files/2">
        <group>
            <file>file:/C:/xampp/htdocs/PhpProject1/view_job.php</file>
            <file>file:/C:/xampp/htdocs/PhpProject1/view_applications.php</file>
            <file>file:/C:/xampp/htdocs/PhpProject1/EmployerActivity.php</file>
            <file>file:/C:/xampp/htdocs/PhpProject1/employerProfile.php</file>
            <file>file:/C:/xampp/htdocs/PhpProject1/JobsPosted.php</file>
            <file>file:/C:/xampp/htdocs/PhpProject1/login.php</file>
            <file>file:/C:/xampp/htdocs/PhpProject1/JobsPosted.js</file>
            <file>file:/C:/xampp/htdocs/PhpProject1/login.js</file>
            <file>file:/C:/xampp/htdocs/PhpProject1/postJob.php</file>
        </group>
    </open-files>
</project-private>
